Product Name,Product Price,Product URL,Ratings,Brand
"Wireless Charger, PowerWave Pad Qi-Certified 10W Max for iPhone 12/12 Mini/12 Pro Max/SE 2020, 11, 11 Pro, 11 Pro Max, Galaxy S20 S10, Note 10 9, AirPods Pro by AikTryee",3.99,https://www.amazon.com//gp/slredirect/picassoRedirect.html/ref=pa_sp_mtf_aps_sr_pg3_1?ie=UTF8&adId=A08977801J4KRS3MMZ0L1&url=%2FWireless-Charger-PowerWave-Qi-Certified-AikTryee%2Fdp%2FB08R7BYMCF%2Fref%3Dsr_1_35_sspa%3Fdchild%3D1%26keywords%3DINIU%2Bpower%2Bbank%26qid%3D1619353895%26sr%3D8-35-spons%26psc%3D1&qualifier=1619353895&id=4078652773487226&widgetName=sp_mtf,3.9,AikTryee
"Car Charger USB C, AINOPE USB C Car Charger 36W PD&QC 3.0 Car Charger Fast Charge Adapter [Super Mini] Compatible with iPhone 12/Pro/Pro Max/Mini/11/XR/XS/X/8, Samsung S20/10/9, Note 20/10/9/8",10.99,https://www.amazon.com//gp/slredirect/picassoRedirect.html/ref=pa_sp_mtf_aps_sr_pg4_1?ie=UTF8&adId=A029563615DQZPQ66HB2W&url=%2FCharger-AINOPE-Adapter-Compatible-Samsung%2Fdp%2FB08HYQLH1C%2Fref%3Dsr_1_52_sspa%3Fdchild%3D1%26keywords%3DAUKEY%2Bpower%2Bbank%26qid%3D1619354722%26sr%3D8-52-spons%26psc%3D1&qualifier=1619354722&id=8980569921678078&widgetName=sp_mtf,4.7,AINOPE
"USB C Charger, Anker 65W PIQ 3.0 PPS Compact Fast Charger Adapter, PowerPort III Pod Lite, for MacBook Pro/Air, Galaxy S20/S10, Dell XPS 13,Note 10+/10, iPhone 11/Pro, iPad Pro, Pixel, and More",32.99,https://www.amazon.com//Charger-Anker-Compact-Adapter-PowerPort/dp/B08F28BH7C/ref=sr_1_21?dchild=1&keywords=Anker+power+bank&qid=1619353573&sr=8-21,4.9,Anker
"Anker Power Strip Surge Protector, 12 Outlets & 3 USB Ports with Flat Plug, PowerPort Strip With 6ft Extension Cord, PowerIQ for iPhone XS/XS Max/XR/X, Galaxy, for Home, Office, and More (4000 Joules)",39.13,https://www.amazon.com//Protector-Anker-Outlets-PowerPort-Extension/dp/B078YLFFXL/ref=sr_1_35?dchild=1&keywords=Anker+power+bank&qid=1619353573&sr=8-35,4.9,Anker
"Anker PowerCore III Sense 10K Sun-Kissed Coral, 10000mAh Portable Charger USB-C Power Delivery (18W) Power Bank for iPhone 11/11 Pro / 8 / X/XS, S10, Pixel 3, iPad Pro 2018, and More",49.99,https://www.amazon.com//Anker-PowerCore-Sun-Kissed-10000mAh-Portable/dp/B07ZFLNFGD/ref=sr_1_7?dchild=1&keywords=Anker+power+bank&qid=1619353386&sr=8-7,4.8,Anker
"Anker PowerCore 13000, Compact 13000mAh 4-Port Ultra-Portable Phone Charger Power Bank with PowerIQ and VoltageBoost Technology for iPhone, iPad, Samsung Galaxy",39.99,https://www.amazon.com//Anker-PowerCore-Ultra-Portable-VoltageBoost-Technology/dp/B00Z9R26HE/ref=sr_1_9?dchild=1&keywords=Anker+power+bank&qid=1619353386&sr=8-9,4.8,Anker
"Anker Portable Charger, PowerCore Essential 20000 PD (18W) Power Bank with 18W USB C Charger, High Cell Capacity 20,000mAh Power Delivery Battery Pack for iPhone 11/11 Pro/11 Pro Max/X/8, Samsung",59.99,https://www.amazon.com//Anker-Portable-PowerCore-Essential-High-Capacity/dp/B083NHK77Z/ref=sr_1_17?dchild=1&keywords=Anker+power+bank&qid=1619353386&sr=8-17,4.8,Anker
"Anker Power Strip with USB C, PowerExtend USB-C 3 Cube with 3 Outlets and USB (30W USB C), 5 ft Extension Cord, Power Delivery High-Speed Charging for iPhone 12/12 Pro / 12 Pro Max, Travel Friendly",39.99,https://www.amazon.com//Anker-PowerExtend-Extension-Delivery-High-Speed/dp/B08R6TP9YR/ref=sr_1_30?dchild=1&keywords=Anker+power+bank&qid=1619353573&sr=8-30,4.8,Anker
"Anker PowerCore Fusion 5000, Portable Charger 5000mAh 2-in-1 with Dual USB Wall Charger, Foldable AC Plug and PowerIQ, Battery Pack for iPhone, iPad, Android, Samsung Galaxy, and More",25.99,https://www.amazon.com//Anker-PowerCore-Portable-Charger-Foldable/dp/B01K702S66/ref=sr_1_20?dchild=1&keywords=Anker+power+bank&qid=1619353386&sr=8-20,4.7,Anker
"Anker 30W PIQ 3.0 & GaN Tech Power Delivery USB C Charger, PowerPort Atom III Slim Compact Type-C Charger for iPhone 11/11 Pro / 11 Pro Max/XR/XS/Max, Galaxy, Pixel, MacBook and More",25.99,https://www.amazon.com//Anker-Delivery-Charger-PowerPort-Compact/dp/B07W3VTKN2/ref=sr_1_20?dchild=1&keywords=Anker+power+bank&qid=1619353573&sr=8-20,4.7,Anker
"Anker USB-C Portable Charger, 18W PowerCore Slim 10000 PD, 10000mAh Power Delivery Power Bank for iPhone 12/Mini/X/XR/XS Max, S10, Pixel 3/3XL, iPad Pro 2018, and More (Charger Not Included)",27.99,https://www.amazon.com//Anker-PowerCore-Portable-10000mAh-Delivery/dp/B082WD5TY8/ref=sr_1_3?dchild=1&keywords=Anker+power+bank&qid=1619353386&sr=8-3,4.6,Anker
"Anker PowerCore Speed 20000, 20000mAh Qualcomm Quick Charge 3.0 & PowerIQ Portable Charger, with Quick Charge Recharging, Power Bank for Samsung, iPhone, iPad and More, Black (A1278)",49.99,https://www.amazon.com//Anker-PowerCore-20000mAh-Qualcomm-Recharging/dp/B01N0X3NL5/ref=sr_1_8?dchild=1&keywords=Anker+power+bank&qid=1619353386&sr=8-8,4.6,Anker
"Anker PowerCore III 5000mAh MFi Certified Portable Charger with Built-in Lightning Cable, Ultra Slim Power Bank for iPhone XR, iPhone 11, and iPhone 11 Pro, and More",39.99,https://www.amazon.com//Anker-PowerCore-Certified-Portable-Lightning/dp/B0832VKBFJ/ref=sr_1_12?dchild=1&keywords=Anker+power+bank&qid=1619353386&sr=8-12,4.6,Anker
"Anker Wireless Charger, PowerWave Stand, Qi-Certified for iPhone 12, 12 Mini, 12 Pro Max，SE, 11, 11 Pro, 11 Pro Max, XR, Xs Max, 10W Fast-Charging Galaxy S20 S10 S9 S8, Note 10 (No AC Adapter)",18.99,https://www.amazon.com//Anker-Qi-Certified-Compatible-Fast-Charging-PowerWave/dp/B07DBXZZN3/ref=sr_1_23?dchild=1&keywords=Anker+power+bank&qid=1619353573&sr=8-23,4.6,Anker
"Anker Powerline II Lightning Cable, [3ft Apple MFi Certified] USB Charging/Sync Lightning Cord Compatible with iPhone SE 11 11 Pro 11 Pro Max Xs MAX XR X 8 7 6S 6 5, iPad and More",31.65,https://www.amazon.com//Anker-Powerline-Lightning-Probably-Certified/dp/B06XFK2H8Z/ref=sr_1_34?dchild=1&keywords=Anker+power+bank&qid=1619353573&sr=8-34,4.6,Anker
"Anker Powerhouse 200, 213Wh/57600mAh Portable Rechargeable Generator Clean & Silent 110V AC Outlet/USB-C Power Delivery/USB/12V Car Outlets, for Fast Charging, Camping, Emergencies, CPAP, and More",259.99,https://www.amazon.com//Anker-Powerhouse-Rechargeable-Generator-Emergencies/dp/B07DDHC5MV/ref=sr_1_5?dchild=1&keywords=Anker+power+bank&qid=1619353386&sr=8-5,4.5,Anker
"Anker 15W Max Wireless Charger with USB-C, PowerWave Alloy Pad, Qi Certified Fast Charging for iPhone SE, 11, 11 Pro, 11 Pro Max, X, Xs, Xr, Galaxy S20 S10 S9, Note 10, Note 9 & More (No AC Adapter)",29.99,https://www.amazon.com//gp/slredirect/picassoRedirect.html/ref=pa_sp_mtf_aps_sr_pg1_1?ie=UTF8&adId=A02007301V5CYNR0B2JRJ&url=%2FAnker-Wireless-Charger-Fast-Charging-Adapter%2Fdp%2FB07YD77RKC%2Fref%3Dsr_1_16_sspa%3Fdchild%3D1%26keywords%3DAnker%2Bpower%2Bbank%26qid%3D1619353386%26sr%3D8-16-spons%26psc%3D1&qualifier=1619353386&id=8732847012677326&widgetName=sp_mtf,4.5,Anker
"Anker PowerCore III Sense 10K Winter Sage, 10000mAh Portable Charger USB-C Power Delivery (18W) Power Bank for iPhone 11/11 Pro / 11 Pro Max / 8 / X/XS/XR, S10, Pixel 3, iPad Pro 2018, and More",49.99,https://www.amazon.com//Anker-PowerCore-10000mAh-Portable-Delivery/dp/B07ZFMJGJT/ref=sr_1_14?dchild=1&keywords=Anker+power+bank&qid=1619353386&sr=8-14,4.4,Anker
"Anker PowerCore+ Mini, 3350mAh Lipstick-Sized Portable Charger (Premium Aluminum Power Bank), One of The Most Compact External Batteries, Compatible with iPhone Xs/XR, Android Smartphones and More",27.99,https://www.amazon.com//Anker-PowerCore-Lipstick-Sized-Compatible-Smartphones/dp/B005X1Y7I2/ref=sr_1_10?dchild=1&keywords=Anker+power+bank&qid=1619353386&sr=8-10,4.3,Anker
"Solar Charger, Anker 24W 3-Port USB Portable Solar Charger with Foldable CIGS Panel for Camping, PowerPort Solar for iPhone 12/SE/11/XS Max/XR/X/8, iPad, Samsung Galaxy S20/S10/S9/S8, and More",79.99,https://www.amazon.com//Charger-Anker-Portable-Foldable-PowerPort/dp/B08BYL2M9L/ref=sr_1_25?dchild=1&keywords=Anker+power+bank&qid=1619353573&sr=8-25,4.2,Anker
Anleo Hard EVA Travel Case for POWERADD Pilot 4GS 12000mAh / Uni-Yeap 11000mAh External Battery Charger Power Bank Color: Rose Gold,9.99,https://www.amazon.com//Anleo-Portable-12000mAh-External-Battery/dp/B06XV7W59N/ref=sr_1_32?dchild=1&keywords=POWERADD+power+bank&qid=1619354129&sr=8-32,4.6,Anleo
Aproca Hard Travel Storage Case for INIU Portable Charger 10000mAh Power Bank,12.99,https://www.amazon.com//Aproca-Storage-Compatible-10000mAh-Portable/dp/B07BTKT56K/ref=sr_1_9?dchild=1&keywords=INIU+power+bank&qid=1619353749&sr=8-9,4.7,Aproca
"12V-24V Car Cigarette Lighter USB Charger,Arttron Dual Port 24W 4.8A Car Fast Charger Adapter(Premium Alloy Head) with 1X3Ft Type C 2 in 1 Fast Charging&Data-transfer Cable,for Samsung,iphone,Android.",8.99,https://www.amazon.com//gp/slredirect/picassoRedirect.html/ref=pa_sp_atf_next_aps_sr_pg6_1?ie=UTF8&adId=A058612711LAYDR312BAH&url=%2FCharger-Charging-Adapter-Android-Chargers%2Fdp%2FB07WXG6WSJ%2Fref%3Dsr_1_82_sspa%3Fdchild%3D1%26keywords%3DAUKEY%2Bpower%2Bbank%26qid%3D1619354793%26sr%3D8-82-spons%26psc%3D1&qualifier=1619354793&id=6640412075229818&widgetName=sp_atf_next,3.1,ARTTRON
"USB C Charger AUKEY Omnia 65W 2-Port Fast Charger Foldable USB C Wall Charger with GaNFast Tech & Dynamic Detect for iPhone 11 Pro Max SE, Macbook Pro, iPad, AirPods Pro, Pixel 4XL, Galaxy S10, Switch",45.99,https://www.amazon.com//gp/slredirect/picassoRedirect.html/ref=pa_sp_atf_next_aps_sr_pg6_1?ie=UTF8&adId=A08131651X91N9822RDOJ&url=%2FCharger-AUKEY-Foldable-GaNFast-Dynamic%2Fdp%2FB0841VBW8H%2Fref%3Dsr_1_82_sspa%3Fdchild%3D1%26keywords%3DPOWERADD%2Bpower%2Bbank%26qid%3D1619354310%26sr%3D8-82-spons%26psc%3D1%26smid%3DA30DUECZICXS9V&qualifier=1619354310&id=5671543943246949&widgetName=sp_atf_next,4.8,AUKEY
"AUKEY Focus 60W PD Charger,USB C Wall Charger with Dynamic Detect & PD 3.0 [GaN Tech] Fast USB C Charger for MacBook Pro 13"", iPad Pro, iPhone 11 Pro Max, iPhone SE,Google Pixel 5, Airpods Pro",27.99,https://www.amazon.com//AUKEY-Charger-Dynamic-Delivery-Compatible/dp/B07V2Z6WFN/ref=sr_1_15?dchild=1&keywords=AUKEY+power+bank&qid=1619354433&sr=8-15,4.8,AUKEY
"USB C Car Charger, AUKEY 21W Car Charger Compatible with iPhone 12 Mini/12 Pro/12 Pro Max with Power Delivery 3.0,Cigarette Lighter USB Charger,Samsung,AirPods, iPad, Google Pixel 5, Nintendo Switch",13.99,https://www.amazon.com//Charger-AUKEY-Delivery-AirPods-Nintendo/dp/B08336XQR9/ref=sr_1_5?dchild=1&keywords=AUKEY+power+bank&qid=1619354433&sr=8-5,4.7,AUKEY
"USB C Charger, 20W 2-Pack AUKEY Swift Lite iPhone Charger for iPhone 12, Compact USB C Fast Charger with PD 3.0, USB-C Power Adapter for iPhone 11 Pro Max,AirPods Pro, Galaxy, iPad Pro, Pixel, Kindle",12.74,https://www.amazon.com//Charger-AUKEY-Compact-Adapter-AirPods/dp/B08QMY1XF5/ref=sr_1_19?dchild=1&keywords=AUKEY+power+bank&qid=1619354433&sr=8-19,4.7,AUKEY
"USB C Car Charger,AUKEY Car Charger Compatible with iPhone 12 Mini/12 Pro/12 Pro Max, 30W PD Car Charger Adapter,4.8A All Metal Mini Cigarette Lighter USB Charger Quick Charge for iPhone,iPad,Samsung",14.44,https://www.amazon.com//Charger-AUKEY-Compatible-Adapter-Cigarette/dp/B08G1LJ1M6/ref=sr_1_22?dchild=1&keywords=AUKEY+power+bank&qid=1619354547&sr=8-22,4.7,AUKEY
"AUKEY Powered USB Hub, Aluminum 10-Port USB 3.0 Hub with 1 Quick Charge 3.0 Port, 2 AiPower Charging Ports, 7 USB 3.0 Data Ports, 12V/4A Power Adapter Compatible with Laptops, Phones, and More",41.99,https://www.amazon.com//AUKEY-Powered-Aluminum-Charging-Compatible/dp/B07JZM4MG5/ref=sr_1_24?dchild=1&keywords=AUKEY+power+bank&qid=1619354547&sr=8-24,4.7,AUKEY
"iPhone 12 Charger, AUKEY Focus 36W 2-Port Foldable USB C Charger with 30W Power Delivery 3.0 & Dynamic Detect Type C Wall Charger for iPhone 12 Mini/Pro Max/SE, MacBook, iPad Pro, Airpods Pro, Switch",25.99,https://www.amazon.com//Charger-AUKEY-Foldable-Delivery-Dynamic/dp/B0833XR41B/ref=sr_1_25?dchild=1&keywords=AUKEY+power+bank&qid=1619354547&sr=8-25,4.7,AUKEY
"AUKEY Power Strip Tower, 1500 Joules Surge Protector with 6 USB Ports,12 AC Outlets and 5-Foot Heavy Duty Extension Cord for Smartphones, Laptop, Tablet, and More Appliances",42.99,https://www.amazon.com//AUKEY-Protector-Extension-Smartphones-Appliances/dp/B01N0Z29BP/ref=sr_1_32?dchild=1&keywords=AUKEY+power+bank&qid=1619354547&sr=8-32,4.7,AUKEY
"[Upgraded] iPhone Fast Charger, AUKEY Swift 20W USB C Charger for iPhone 12/12 Mini/12 Pro Max, Foldable Plug &Power Delivery 3.0, PD Charger Adapter USB C Wall Charger for iPad Pro/AirPods Pro/Switch",19.99,https://www.amazon.com//gp/slredirect/picassoRedirect.html/ref=pa_sp_btf_aps_sr_pg2_1?ie=UTF8&adId=A02626731GKBADIH27IPK&url=%2FCharger-AUKEY-Foldable-Delivery-Compact%2Fdp%2FB0841VDSHF%2Fref%3Dsr_1_37_sspa%3Fdchild%3D1%26keywords%3DAUKEY%2Bpower%2Bbank%26qid%3D1619354547%26sr%3D8-37-spons%26psc%3D1&qualifier=1619354547&id=6031989136218613&widgetName=sp_btf,4.7,AUKEY
"USB C Charger, AUKEY Omnia 65W 2-Port Fast Charger for New iPhone/Macbook Pro with GaNFast Technology, PD Charger and USB C Wall Charger for Macbook Pro 13""/15"",iPhone 11 Pro Max,iPad Pro 2020,Switch",37.99,https://www.amazon.com//Charger-AUKEY-GaNFast-Technology-Dynamic/dp/B0841V6LR5/ref=sr_1_36?dchild=1&keywords=AUKEY+power+bank&qid=1619354664&sr=8-36,4.7,AUKEY
"USB C Charger,AUKEY Focus 60W PD 3.0 Charger [ GaN Power Tech ] Power Delivery Wall Charger Fast Charger with Foldable Plug for MacBook Pro/Air, Dell XPS 13, HP Spectre, iPhone 11 Pro Max, iPad,Pixel",25.99,https://www.amazon.com//Charger-AUKEY-Delivery-Foldable-MacBook/dp/B083Y348FM/ref=sr_1_40?dchild=1&keywords=AUKEY+power+bank&qid=1619354664&sr=8-40,4.7,AUKEY
"USB C Charger, AUKEY Omnia 90W 3-Port MacBook Pro Charger with GaNFast Technology, PD Charger USB C Fast Charger USB C Laptop Charger for MacBook Pro 16"", iPhone 11 Pro Max, Galaxy S20+/Note 20 Ultra",49.99,https://www.amazon.com//gp/slredirect/picassoRedirect.html/ref=pa_sp_atf_next_aps_sr_pg5_1?ie=UTF8&adId=A04628883AXVPDB604BAL&url=%2FCharger-AUKEY-MacBook-GaNFast-Technology%2Fdp%2FB08FR2GRLY%2Fref%3Dsr_1_65_sspa%3Fdchild%3D1%26keywords%3DPOWERADD%2Bpower%2Bbank%26qid%3D1619354288%26sr%3D8-65-spons%26psc%3D1%26smid%3DA1C42Z726BRSME&qualifier=1619354288&id=6069581873492199&widgetName=sp_atf_next,4.6,AUKEY
"iPhone 12 Charger [2 Pack], AUKEY Swift 20W USB C Charger with Foldable Plug & Power Delivery 3.0, Compact PD Charger Adapter Type C Wall Charger for iPhone 11 Pro Max SE, iPad Pro, AirPods Pro -White",19.99,https://www.amazon.com//gp/slredirect/picassoRedirect.html/ref=pa_sp_atf_next_aps_sr_pg9_1?ie=UTF8&adId=A10088651UKOVXKTP2403&url=%2FCharger-AUKEY-Foldable-Delivery-Compact%2Fdp%2FB08V8CYP3W%2Fref%3Dsr_1_129_sspa%3Fdchild%3D1%26keywords%3DPOWERADD%2Bpower%2Bbank%26qid%3D1619354380%26sr%3D8-129-spons%26psc%3D1&qualifier=1619354380&id=8136654046704523&widgetName=sp_atf_next,4.6,AUKEY
"AUKEY USB C Power Bank 10000mAh, PD Power Bank Slimline with 18W PD & Quick Charge 3.0, Portable Charger Compatible with iPhone 11/11Pro/Xs/XS Max, Pixel, Samsung, Nintendo Switch etc.",29.99,https://www.amazon.com//gp/slredirect/picassoRedirect.html/ref=pa_sp_atf_aps_sr_pg1_1?ie=UTF8&adId=A0990836O2FJUAAS0UQI&url=%2FAUKEY-Delivery-10000mAh-Slimline-Compatible%2Fdp%2FB079Z4RHZZ%2Fref%3Dsr_1_1_sspa%3Fdchild%3D1%26keywords%3DAUKEY%2Bpower%2Bbank%26qid%3D1619354433%26sr%3D8-1-spons%26psc%3D1&qualifier=1619354433&id=2786422661430521&widgetName=sp_atf,4.6,AUKEY
"AUKEY Focus 63W USB C Charger 60W PD Charger Power Delivery 3.0 [ GaN Power ] Fast Charger Dual Port USB C Wall Charger for MacBook Pro Air 13"" 15"" iPhone 11, Pro,Max SE, Google Pixel 4 3 XL, Switch",29.99,https://www.amazon.com//gp/slredirect/picassoRedirect.html/ref=pa_sp_atf_aps_sr_pg1_1?ie=UTF8&adId=A031655524F8P2IQFVHEE&url=%2FAUKEY-Charger-Dynamic-MacBook-Nintendo%2Fdp%2FB07W8M7T5W%2Fref%3Dsr_1_2_sspa%3Fdchild%3D1%26keywords%3DAUKEY%2Bpower%2Bbank%26qid%3D1619354433%26sr%3D8-2-spons%26psc%3D1&qualifier=1619354433&id=2786422661430521&widgetName=sp_atf,4.6,AUKEY
"Car Charger, AUKEY Mini USB Cell Phone Car Aapter 24W/4.8A Flush Fit Dual Port for iPhone 12 Pro Max/11 Pro Max/XS/XR, Samsung S10 Note 10, Google 4XL and More",6.99,https://www.amazon.com//gp/slredirect/picassoRedirect.html/ref=pa_sp_mtf_aps_sr_pg1_1?ie=UTF8&adId=A1046704XGI3HKSHR5MP&url=%2FAUKEY-Charger-Output-iPhone-Samsung%2Fdp%2FB00M6QODH2%2Fref%3Dsr_1_12_sspa%3Fdchild%3D1%26keywords%3DAUKEY%2Bpower%2Bbank%26qid%3D1619354433%26sr%3D8-12-spons%26psc%3D1&qualifier=1619354433&id=2786422661430521&widgetName=sp_mtf,4.6,AUKEY
"Quick Charge 3.0, AUKEY USB Wall Charger (Quick Charge 2.0 Compatible), Fast Charger Compatible with Galaxy S10/S9/S8/Edge/Plus, Note 8/7, LG G4, HTC 10, Nexus, iPhone, iPad and More",19.99,https://www.amazon.com//gp/slredirect/picassoRedirect.html/ref=pa_sp_btf_aps_sr_pg1_1?ie=UTF8&adId=A104630434RPMRKY127V1&url=%2FAUKEY-Charge-Charger-Compatible-Samsung%2Fdp%2FB01BBZJ31Y%2Fref%3Dsr_1_22_sspa%3Fdchild%3D1%26keywords%3DAUKEY%2Bpower%2Bbank%26qid%3D1619354433%26sr%3D8-22-spons%26psc%3D1&qualifier=1619354433&id=2786422661430521&widgetName=sp_btf,4.6,AUKEY
"AUKEY USB C Charger, 48W 4 Port Fast Charging Adapter with Power Delivery, Foldable Wall Charger with 45W USB C Port Compatible with MacBook Air, USB C Laptops, iPhone 11 Pro Max, iPad Pro and Switch",42.99,https://www.amazon.com//AUKEY-Charging-Delivery-Foldable-Compatible/dp/B08CMSP89H/ref=sr_1_30?dchild=1&keywords=AUKEY+power+bank&qid=1619354547&sr=8-30,4.6,AUKEY
"AUKEY USB C Cable 3ft Braided, USB 3.0 Type C Cable Fast Charge & Super-Speed Data Transfer for Samsung Galaxy Note 9 S9 Note 8 S8 S8+, LG V30 V20 G6 G5, HTC U11/10",7.99,https://www.amazon.com//AUKEY-Braided-Super-Speed-Transfer-Samsung/dp/B01APALS78/ref=sr_1_41?dchild=1&keywords=AUKEY+power+bank&qid=1619354664&sr=8-41,4.6,AUKEY
AUKEY USB C to Lightning Cable 6.6ft MFi-Certified iPhone Charger Cable Braided Nylon Supports Power Delivery iPhone Cable Compatible with iPhone11 Pro/XS/iPad and Other Apple iOS Devices,12.99,https://www.amazon.com//gp/slredirect/picassoRedirect.html/ref=pa_sp_btf_aps_sr_pg4_1?ie=UTF8&adId=A03163802WDSIEHCLS7WK&url=%2FAUKEY-Lightning-MFi-Certified-Charging-Compatible%2Fdp%2FB07WCSZTLC%2Fref%3Dsr_1_53_sspa%3Fdchild%3D1%26keywords%3DAUKEY%2Bpower%2Bbank%26qid%3D1619354722%26sr%3D8-53-spons%26psc%3D1&qualifier=1619354722&id=8980569921678078&widgetName=sp_btf,4.5,AUKEY
"USB C Charger AUKEY iPhone Fast Charger 72W 3-Port with 60W Power Delivery 3.0 Ultra Compact PD Adapter for MacBook Pro, Dell XPS, iPhone 12 Pro Max/SE, Galaxy S10, iPad Pro, AirPods, Pixel, Switch",49.99,https://www.amazon.com//AUKEY-Charger-Delivery-Compatible-MacBook/dp/B079P11LBV/ref=sr_1_13?dchild=1&keywords=AUKEY+power+bank&qid=1619354433&sr=8-13,4.2,AUKEY
"AUKEY True Wireless Earbuds, Bluetooth 5 Headphones with Wireless Charging Case, in-Ear Detection, 30H Playtime, IPX5 Water Resistance, Type-C Low Latency Stereo Earphones for iPhones and Android",39.99,https://www.amazon.com//AUKEY-Bluetooth-Headphones-Detection-Resistance/dp/B08HVQKLM3/ref=sr_1_19?dchild=1&keywords=AUKEY+power+bank&qid=1619354547&sr=8-19,4.2,AUKEY
"AUKEY Wireless Charger, PowerWave Pad Qi-Certified 10W Max for iPhone SE (2020), 11, 11 Pro, 11 Pro Max, Xs Max, XR, XS, X, 8, 8 Plus, AirPods, Galaxy S20 S10 S9 S8, Note 10 9 8 (No AC Adapter)",7.99,https://www.amazon.com//gp/slredirect/picassoRedirect.html/ref=pa_sp_atf_next_aps_sr_pg3_1?ie=UTF8&adId=A0962731E1DXAIYLNCLC&url=%2FAUKUY-Wireless-Charger-PowerWave-Qi-Certified%2Fdp%2FB08J7Z5DB8%2Fref%3Dsr_1_33_sspa%3Fdchild%3D1%26keywords%3DPOWERADD%2Bpower%2Bbank%26qid%3D1619354189%26sr%3D8-33-spons%26psc%3D1&qualifier=1619354189&id=6770743850316758&widgetName=sp_atf_next,3.7,AUKEY
"USB C Charger, Baseus 45W PD Fast Charging Wall Charger[GaN Tech], 2 Port PD 3.0 Power Adapter, Type C Charging Block for Samsung S20 Ultra, S20+, Note 10+, USB-C Laptops, iPhone 11, Pixel and More",26.99,https://www.amazon.com//gp/slredirect/picassoRedirect.html/ref=pa_sp_mtf_aps_sr_pg3_1?ie=UTF8&adId=A011591615QJ885YNBR2E&url=%2FCharger-Baseus-Charging-Adapter-Samsung%2Fdp%2FB08DD3K9YK%2Fref%3Dsr_1_38_sspa%3Fdchild%3D1%26keywords%3DAUKEY%2Bpower%2Bbank%26qid%3D1619354664%26sr%3D8-38-spons%26psc%3D1%26smid%3DA33IAQUVRW6LGA&qualifier=1619354664&id=6720574299267052&widgetName=sp_mtf,4.8,Baseus
"USB C Charger, Baseus 120W 3-Port Wall Charger, GaN Tech C+C+U Quick Charger High Power Fast Charger with 100W C to C Cable for iPhone 12 Pro Max,Macbook Pro,iPad,AirPods Pro,Galaxy S20, Switch(Black)",59.99,https://www.amazon.com//gp/slredirect/picassoRedirect.html/ref=pa_sp_btf_aps_sr_pg2_1?ie=UTF8&adId=A07046392OA7H7BHB1W2Y&url=%2FCharger-Baseus-3-Port-Macbook-AirPods%2Fdp%2FB08CK1KLXH%2Fref%3Dsr_1_38_sspa%3Fdchild%3D1%26keywords%3DAUKEY%2Bpower%2Bbank%26qid%3D1619354547%26sr%3D8-38-spons%26psc%3D1%26smid%3DA33IAQUVRW6LGA&qualifier=1619354547&id=6031989136218613&widgetName=sp_btf,4.4,Baseus
"Belkin Portable Power Bank Charger 20K (Portable Charger Battery Pack w/Dual USB Ports, 20000mAh Capacity) for iPhone, iPad, AirPods and More, Black (BPB003btBK)",39.99,https://www.amazon.com//Belkin-Portable-20000mAh-Capacity-BPB003btBK/dp/B086R61LN9/ref=sr_1_29?dchild=1&keywords=Anker+power+bank&qid=1619353573&sr=8-29,4.6,Belkin
"Bextoo Portable Charger Power Bank 30000mAh, Huge Capacity External Battery 2 USB Output & Input Ports USB-C Fast Charging Battery Pack Charger for Laptop Smart Phone",24.99,https://www.amazon.com//gp/slredirect/picassoRedirect.html/ref=pa_sp_atf_aps_sr_pg1_1?ie=UTF8&adId=A09810082ZFKIY3BVHRSR&url=%2FPortable-Charger-30000mAh-Bextoo-Compatible%2Fdp%2FB07XSX6DX8%2Fref%3Dsr_1_2_sspa%3Fdchild%3D1%26keywords%3DINIU%2Bpower%2Bbank%26qid%3D1619353749%26sr%3D8-2-spons%26psc%3D1&qualifier=1619353749&id=4164147262209695&widgetName=sp_atf,4.5,Bextoo
"Portable Charger 30000mAh, (Ultra High Capacity)(Flashlight)(Outdoor) BONAI 5.6A 4-Port Output External Battery Pack, Polymer Fast 4A Input Power Bank for iPhone iPad Samsung Galaxy and More - Mint",36.99,https://www.amazon.com//gp/slredirect/picassoRedirect.html/ref=pa_sp_atf_aps_sr_pg1_1?ie=UTF8&adId=A0853610XCA38TFBDGKX&url=%2FPortable-30000mAh-Flashlight-BONAI-Compatible%2Fdp%2FB07HT2M9WG%2Fref%3Dsr_1_1_sspa%3Fdchild%3D1%26keywords%3DINIU%2Bpower%2Bbank%26qid%3D1619353749%26sr%3D8-1-spons%26psc%3D1&qualifier=1619353749&id=4164147262209695&widgetName=sp_atf,4.6,BONAI
"52W 5-Port USB Desktop Charger, Crave PowerHUB [Quick Charge QC3.0 + Type-C] Multi-Port Charger Hub with Fast IC Technology for iPhone, iPad, Samsung and More",39.99,https://www.amazon.com//gp/slredirect/picassoRedirect.html/ref=pa_sp_mtf_aps_sr_pg2_1?ie=UTF8&adId=A1034694WAZK5YSP0UHR&url=%2FDesktop-Crave-PowerHUB-Multi-Port-Technology%2Fdp%2FB0789KLK7S%2Fref%3Dsr_1_28_sspa%3Fdchild%3D1%26keywords%3DAnker%2Bpower%2Bbank%26qid%3D1619353573%26sr%3D8-28-spons%26psc%3D1&qualifier=1619353573&id=269765578641099&widgetName=sp_mtf,4.6,Crave
"USB C Wall Charger, E EGOWAY 4-Port Charger with 60W & 18W USB C PD Power Delivery Adapter and Dual USB A Ports-12W",39.99,https://www.amazon.com//gp/slredirect/picassoRedirect.html/ref=pa_sp_atf_next_aps_sr_pg11_1?ie=UTF8&adId=A0347718DNWZJXTK71ER&url=%2FCharger-4-Port-Power-Delivery-Adapter%2Fdp%2FB07Y8G2YX6%2Fref%3Dsr_1_161_sspa%3Fdchild%3D1%26keywords%3DINIU%2Bpower%2Bbank%26qid%3D1619354046%26sr%3D8-161-spons%26psc%3D1%26smid%3DA327REMLDE4QJW&qualifier=1619354046&id=6079888606363836&widgetName=sp_atf_next,4.7,E EGOWAY
"Portable Charger Ekrist 25800mAh, High Capacity Ultra Slim Power Bank with 2 USB Ports & Colorful Indicator,Power Delivery External Cell Phone Battery Pack for Smart Phone, Samsung Android, Table etc",19.95,https://www.amazon.com//Portable-Ekrist-25800mAh-Capacity-Indicator/dp/B07VXF3XMX/ref=sr_1_20?dchild=1&keywords=INIU+power+bank&qid=1619353749&sr=8-20,4,Ekrist
"ELECJET PowerPie 20000mAh USB C PD 45W Laptop Power Bank, [Super Fast Charging 2.0] PPS Battery Pack for Samsung Note 10 plus/S20 Ultra/Note 20, Portable Charger External Battery for MacBook Pro/Air",49.99,https://www.amazon.com//gp/slredirect/picassoRedirect.html/ref=pa_sp_mtf_aps_sr_pg1_1?ie=UTF8&adId=A0948065262L03QX8HWK7&url=%2FELECJET-PowerPie-20000mAh-External-Nintendo%2Fdp%2FB07YLFX8DT%2Fref%3Dsr_1_11_sspa%3Fdchild%3D1%26keywords%3DAnker%2Bpower%2Bbank%26qid%3D1619353386%26sr%3D8-11-spons%26psc%3D1&qualifier=1619353386&id=8732847012677326&widgetName=sp_mtf,4.7,ELECJET
"Elepower 2 in 1 Car and Wall Charger Portable Dual USB Ports 2.1A in Total Travel Wall iPhone Charger for iPhone 11 / XS X /8 7 Plus, Samsung Galaxy, Google, Power Bank and More - Black",12.99,https://www.amazon.com//gp/slredirect/picassoRedirect.html/ref=pa_sp_mtf_aps_sr_pg2_1?ie=UTF8&adId=A0372322270AWHH7OLK14&url=%2FElepower-Charger-Travel-Samsung-More-Black%2Fdp%2FB01CZW3D3Q%2Fref%3Dsr_1_28_sspa%3Fdchild%3D1%26keywords%3DPOWERADD%2Bpower%2Bbank%26qid%3D1619354129%26sr%3D8-28-spons%26psc%3D1&qualifier=1619354129&id=4296891260501890&widgetName=sp_mtf,4.6,Elepower
"USB Type C Wall Charger 30W 2 Port Foldable Fast Charger with 18W USB C Power Adapter for iPhone Xs/Max/XR/X/8, Ipad Pro 2018/Air 2/Mini, MacBook Pro/Air, Galaxy S10/S9/S8, Pixel, LG, Nexus, and More",14.99,https://www.amazon.com//gp/slredirect/picassoRedirect.html/ref=pa_sp_atf_next_aps_sr_pg4_1?ie=UTF8&adId=A0300731MUUOC592HJPS&url=%2FCharger-Foldable-Adapter-iPhone-MacBook%2Fdp%2FB08G4MKD7K%2Fref%3Dsr_1_50_sspa%3Fdchild%3D1%26keywords%3DAUKEY%2Bpower%2Bbank%26qid%3D1619354722%26sr%3D8-50-spons%26psc%3D1&qualifier=1619354722&id=8980569921678078&widgetName=sp_atf_next,4.7,ELIK
"EnginStar 100W Foldable Solar Panel Charger with 18V DC Outlet for Portable Power Stations Jackery/Rockpals/Flashfish, Portable Solar Generator with USB-A USB-C QC 3.0 for Outdoor Camping Van RV Trip",179.99,https://www.amazon.com//gp/slredirect/picassoRedirect.html/ref=pa_sp_atf_next_aps_sr_pg2_1?ie=UTF8&adId=A03512042OXS1GJLSDIWL&url=%2FEnginStar-Foldable-Portable-Flashfish-Generator%2Fdp%2FB08NVL7MS9%2Fref%3Dsr_1_18_sspa%3Fdchild%3D1%26keywords%3DAUKEY%2Bpower%2Bbank%26qid%3D1619354547%26sr%3D8-18-spons%26psc%3D1&qualifier=1619354547&id=6031989136218613&widgetName=sp_atf_next,4.5,EnginStar
"Car Charger, 30W 4.8A Dual Port USB C PD Phone Automobile Charger, Flush Fit Mini Metal Quick Charge Car Adapter Compatible with Smartphone",14.99,https://www.amazon.com//gp/slredirect/picassoRedirect.html/ref=pa_sp_atf_next_aps_sr_pg5_1?ie=UTF8&adId=A07202811XYJ6004ZPJW0&url=%2FCharger-Automobile-Adapter-Compatible-Smartphone%2Fdp%2FB08JVJMWQ5%2Fref%3Dsr_1_66_sspa%3Fdchild%3D1%26keywords%3DAUKEY%2Bpower%2Bbank%26qid%3D1619354758%26sr%3D8-66-spons%26psc%3D1&qualifier=1619354758&id=8160538926160751&widgetName=sp_atf_next,4.4,EWA
"Freedy 90W USB-C Travel Charger Power Station Fast Charging Adapter [2 USB-C PD & 2 QC 3.0] [USB-IF Certified] - Compatible w MacBook, iPad Pro, iPhone Xs/Xs Max/Xr and More (Black)",51.99,https://www.amazon.com//gp/slredirect/picassoRedirect.html/ref=pa_sp_btf_aps_sr_pg1_1?ie=UTF8&adId=A076101833CYCCRINV61C&url=%2FCharger-Station-Charging-Adapter-Certified%2Fdp%2FB07TSCXVDT%2Fref%3Dsr_1_21_sspa%3Fdchild%3D1%26keywords%3DAnker%2Bpower%2Bbank%26qid%3D1619353386%26sr%3D8-21-spons%26psc%3D1%26smid%3DA1OQBB5GGOM1U0&qualifier=1619353386&id=8732847012677326&widgetName=sp_btf,4.4,FREEDY
"USB C Charger, SlimQ 100W 4-Port PD Fast Charger Adapter [GaNFast Tech], Portable Dual Type C Wall Charger for MacBook Pro/Air, iPad Pro, iPhone 12/11/Pro/Max/XR/XS/X, Galaxy, Pixeland Laptop Etc",59.98,https://www.amazon.com//gp/slredirect/picassoRedirect.html/ref=pa_sp_atf_next_aps_sr_pg8_1?ie=UTF8&adId=A00842862MN05FVG1YDIL&url=%2FCharger-SlimQ-Adapter-Portable-Pixeland%2Fdp%2FB08PNQVXG5%2Fref%3Dsr_1_114_sspa%3Fdchild%3D1%26keywords%3DPOWERADD%2Bpower%2Bbank%26qid%3D1619354361%26sr%3D8-114-spons%26psc%3D1%26smid%3DA24T94C7UAHOFL&qualifier=1619354361&id=5732679508907220&widgetName=sp_atf_next,4.6,GanFast
Portable Charger 20000mAh Power Bank Quick Charge 3.0 USB-C PD 18w Fast Charging 2 Input 4 Output Power Delivery QC External Battery Pack Compatible with Android Samsung Galaxy Pixel iPhone More,25.18,https://www.amazon.com//gp/slredirect/picassoRedirect.html/ref=pa_sp_btf_aps_sr_pg3_1?ie=UTF8&adId=A01945031OFQ318PTWM2W&url=%2FPortable-20000mAh-Charging-Delivery-Compatible%2Fdp%2FB084NYGX3S%2Fref%3Dsr_1_41_sspa%3Fdchild%3D1%26keywords%3DPOWERADD%2Bpower%2Bbank%26qid%3D1619354189%26sr%3D8-41-spons%26psc%3D1&qualifier=1619354189&id=6770743850316758&widgetName=sp_btf,4.4,Gatcepot
"HALO - Pocket Power 6000 Portable Charger Power Bank for Phone - High-Speed TSA Approved 6000mAh Battery Pack - Standard USB Output and Micro USB Cable, Lightning Cable, and USB Type - Metallic Purple",38.42,https://www.amazon.com//gp/slredirect/picassoRedirect.html/ref=pa_sp_atf_next_aps_sr_pg2_1?ie=UTF8&adId=A02022632AAV4Z368YUDA&url=%2FHALO-Portable-High-Speed-Approved-Lightning%2Fdp%2FB083SD6WLV%2Fref%3Dsr_1_18_sspa%3Fdchild%3D1%26keywords%3DAnker%2Bpower%2Bbank%26qid%3D1619353573%26sr%3D8-18-spons%26psc%3D1&qualifier=1619353573&id=269765578641099&widgetName=sp_atf_next,4.7,Halo
"HALO - Pocket Power 6000 Portable Charger Power Bank for Phone - High-Speed TSA Approved 6000mAh Battery Pack - Standard USB Output and Micro USB Cable, Lightning Cable, USB Type C Cable - Platinum",39.11,https://www.amazon.com//gp/slredirect/picassoRedirect.html/ref=pa_sp_mtf_aps_sr_pg4_1?ie=UTF8&adId=A02018633Q15SJFXLCXGU&url=%2FHALO-Portable-High-Speed-Approved-Lightning%2Fdp%2FB083SCM8XC%2Fref%3Dsr_1_51_sspa%3Fdchild%3D1%26keywords%3DPOWERADD%2Bpower%2Bbank%26qid%3D1619354257%26sr%3D8-51-spons%26psc%3D1&qualifier=1619354257&id=174601358340326&widgetName=sp_mtf,4.7,HALO
"Halo Pocket Power 6000 Portable Charger Power Bank for Phone - High-Speed TSA Approved 6000mAh Battery Pack - Standard USB Output and Micro USB Cable, Lightning Cable, and USB Type C Cable - Black",38.67,https://www.amazon.com//gp/slredirect/picassoRedirect.html/ref=pa_sp_mtf_aps_sr_pg6_1?ie=UTF8&adId=A0202207O8PNV71L6QYT&url=%2FPocket-Power-Portable-Charger-Phone%2Fdp%2FB083SCNVQT%2Fref%3Dsr_1_83_sspa%3Fdchild%3D1%26keywords%3DPOWERADD%2Bpower%2Bbank%26qid%3D1619354310%26sr%3D8-83-spons%26psc%3D1&qualifier=1619354310&id=5671543943246949&widgetName=sp_mtf,4.7,HALO
"HALO Bolt Portable Car Jump Starter 57720 MWH Car Battery Jump Starter with 2 USB Ports To Charge Devices, Portable Car Charger - Silver, 123236",79.99,https://www.amazon.com//gp/slredirect/picassoRedirect.html/ref=pa_sp_atf_next_aps_sr_pg9_1?ie=UTF8&adId=A06383361GBZN1TQ833BI&url=%2F57720-Portable-Phone-Charger-Starter%2Fdp%2FB07HF8Z52Y%2Fref%3Dsr_1_130_sspa%3Fdchild%3D1%26keywords%3DPOWERADD%2Bpower%2Bbank%26qid%3D1619354380%26sr%3D8-130-spons%26psc%3D1&qualifier=1619354380&id=8136654046704523&widgetName=sp_atf_next,4.7,Halo
HALO Bolt 58830 mWh Portable Phone Laptop Charger Car Jump Starter with AC Outlet and Car Charger - Blue Graphite,99.95,https://www.amazon.com//Halo-Portable-Laptop-Charger-Starter/dp/B07B2THJJV/ref=sr_1_22?dchild=1&keywords=Anker+power+bank&qid=1619353573&sr=8-22,4.6,Halo
"HALO - Pocket Power 6000 Portable Charger Power Bank for Phone - High-Speed TSA Approved 6000mAh Battery Pack - Standard USB Output and Micro USB Cable, Lightning Cable, USB Type C Cable -White Marble",39.06,https://www.amazon.com//gp/slredirect/picassoRedirect.html/ref=pa_sp_atf_next_aps_sr_pg3_1?ie=UTF8&adId=A02020191IR7IYFNI4TDQ&url=%2FHALO-Portable-High-Speed-Approved-Lightning%2Fdp%2FB083SCW1ZV%2Fref%3Dsr_1_33_sspa%3Fdchild%3D1%26keywords%3DINIU%2Bpower%2Bbank%26qid%3D1619353895%26sr%3D8-33-spons%26psc%3D1&qualifier=1619353895&id=4078652773487226&widgetName=sp_atf_next,4.6,HALO
HALO Bolt 58830 mWh Portable Phone Laptop Charger Car Jump Starter with AC Outlet and Car Charger - Wood Grain,99.99,https://www.amazon.com//gp/slredirect/picassoRedirect.html/ref=pa_sp_atf_next_aps_sr_pg9_1?ie=UTF8&adId=A06316122TKGOZ0X2TQFY&url=%2FHalo-Portable-Laptop-Charger-Starter%2Fdp%2FB07BDK8CNZ%2Fref%3Dsr_1_129_sspa%3Fdchild%3D1%26keywords%3DINIU%2Bpower%2Bbank%26qid%3D1619354019%26sr%3D8-129-spons%26psc%3D1&qualifier=1619354019&id=499152297511673&widgetName=sp_atf_next,4.6,Halo
HALO Bolt 58830 mWh Portable Phone Laptop Charger Car Jump Starter with AC Outlet and Car Charger - Grey,99.99,https://www.amazon.com//Halo-Portable-Laptop-Charger-Starter/dp/B079FSPRXM/ref=sr_1_35?dchild=1&keywords=POWERADD+power+bank&qid=1619354189&sr=8-35,4.6,Halo
HALO Bolt 58830 mWh Portable Phone Laptop Charger Car Jump Starter with AC Outlet and Car Charger - Gold,99.99,https://www.amazon.com//gp/slredirect/picassoRedirect.html/ref=pa_sp_atf_next_aps_sr_pg7_1?ie=UTF8&adId=A0632416SKB5ZTEEWB7N&url=%2FHalo-Portable-Laptop-Charger-Starter%2Fdp%2FB07HF9JD99%2Fref%3Dsr_1_97_sspa%3Fdchild%3D1%26keywords%3DPOWERADD%2Bpower%2Bbank%26qid%3D1619354343%26sr%3D8-97-spons%26psc%3D1&qualifier=1619354343&id=7073196797899369&widgetName=sp_atf_next,4.6,Halo
"HALO - Pocket Power 6000 Portable Charger Power Bank for Phone - High-Speed TSA Approved 6000mAh Battery Pack - Standard USB Output and Micro USB Cable, Lightning Cable, and USB Type C Cable - Camo",38.28,https://www.amazon.com//gp/slredirect/picassoRedirect.html/ref=pa_sp_mtf_aps_sr_pg7_1?ie=UTF8&adId=A02024191HCD4JCAIH8T8&url=%2FHALO-Portable-High-Speed-Approved-Lightning%2Fdp%2FB083SD8ZKN%2Fref%3Dsr_1_99_sspa%3Fdchild%3D1%26keywords%3DPOWERADD%2Bpower%2Bbank%26qid%3D1619354343%26sr%3D8-99-spons%26psc%3D1&qualifier=1619354343&id=7073196797899369&widgetName=sp_mtf,4.6,HALO
HALO Bolt 58830 mWh Portable Phone Laptop Charger Car Jump Starter with AC Outlet and Car Charger - Rose Gold,99.99,https://www.amazon.com//gp/slredirect/picassoRedirect.html/ref=pa_sp_atf_next_aps_sr_pg8_1?ie=UTF8&adId=A06319242XH8UB3H56Z89&url=%2FHalo-Portable-Laptop-Charger-Starter%2Fdp%2FB07BDFLN3L%2Fref%3Dsr_1_113_sspa%3Fdchild%3D1%26keywords%3DPOWERADD%2Bpower%2Bbank%26qid%3D1619354361%26sr%3D8-113-spons%26psc%3D1&qualifier=1619354361&id=5732679508907220&widgetName=sp_atf_next,4.6,Halo
"HALO - Pocket Power 6000 Portable Charger Power Bank for Phone - High-Speed TSA Approved 6000mAh Battery Pack - Standard USB Output and Micro USB Cable, Lightning Cable, USB Type C Cable - Rose Gold",39.99,https://www.amazon.com//gp/slredirect/picassoRedirect.html/ref=pa_sp_mtf_aps_sr_pg3_1?ie=UTF8&adId=A02023631XS8F1J4C0AQN&url=%2FHALO-Portable-High-Speed-Approved-Lightning%2Fdp%2FB083SCNKW4%2Fref%3Dsr_1_37_sspa%3Fdchild%3D1%26keywords%3DPOWERADD%2Bpower%2Bbank%26qid%3D1619354189%26sr%3D8-37-spons%26psc%3D1&qualifier=1619354189&id=6770743850316758&widgetName=sp_mtf,4.5,HALO
"Halo Pocket Power 6000 Portable Charger Power Bank for Phone - High-Speed TSA Approved 6000mAh Battery Pack - Standard USB Output and Micro USB Cable, Lightning Cable, and USB Type C - Blue Graphite",38.36,https://www.amazon.com//gp/slredirect/picassoRedirect.html/ref=pa_sp_mtf_aps_sr_pg8_1?ie=UTF8&adId=A0202543JNKV1UIN2E1S&url=%2FHalo-Pocket-Power-Portable-Charger%2Fdp%2FB083SCSHJV%2Fref%3Dsr_1_115_sspa%3Fdchild%3D1%26keywords%3DPOWERADD%2Bpower%2Bbank%26qid%3D1619354361%26sr%3D8-115-spons%26psc%3D1&qualifier=1619354361&id=5732679508907220&widgetName=sp_mtf,4.5,Halo
Hermitshell Hard Travel Case for RAVPower Portable Charger 20000mAh PD 3.0 Power Bank,13.99,https://www.amazon.com//Hermitshell-RAVPower-Portable-Charger-20000mAh/dp/B07Z4KG5MT/ref=sr_1_19?dchild=1&keywords=INIU+power+bank&qid=1619353837&sr=8-19,4.8,Hermitshell
Hermitshell Hard Travel Case for INIU Portable Charger 10000mAh Power Bank [2021 Version],11.99,https://www.amazon.com//Compact-Portable-Charger-External-Hermitshell/dp/B077N1C718/ref=sr_1_10?dchild=1&keywords=INIU+power+bank&qid=1619353749&sr=8-10,4.7,Hermitshell
Hermitshell EVA Hard Protective Travel Case Carrying Bag Fits Anker PowerCore+ 26800 Premium Portable High Capacity External Battery with Quick Charge PowerPort Wall Charger,14.99,https://www.amazon.com//gp/slredirect/picassoRedirect.html/ref=pa_sp_atf_next_aps_sr_pg11_1?ie=UTF8&adId=A03561532QZWYYJZS7DQQ&url=%2FHermitshell-Protective-Carrying-PowerCore-PowerPort%2Fdp%2FB01MAWKEGM%2Fref%3Dsr_1_161_sspa%3Fdchild%3D1%26keywords%3DPOWERADD%2Bpower%2Bbank%26qid%3D1619354405%26sr%3D8-161-spons%26psc%3D1&qualifier=1619354405&id=3723182008620476&widgetName=sp_atf_next,4.7,Hermitshell
Hermitshell Hard EVA Travel Case for AUKEY 20000mAh USB C Power Bank Portable Charger Slimline Type C Battery Pack,13.99,https://www.amazon.com//Hermitshell-20000mAh-Portable-Charger-Slimline/dp/B07XBR3D96/ref=sr_1_4?dchild=1&keywords=AUKEY+power+bank&qid=1619354433&sr=8-4,4.5,Hermitshell
Hermitshell Hard EVA Travel Case fits AUKEY 30000mAh / 20000mAh Universal Portable External Power Bank,13.99,https://www.amazon.com//Hermitshell-30000mAh-20000mAh-Universal-Portable/dp/B01N4I3CL0/ref=sr_1_35?dchild=1&keywords=AUKEY+power+bank&qid=1619354664&sr=8-35,4.5,Hermitshell
"Portable Charger 26800mAh LCD Digital Display Power Bank Huge Capacity External Battery Pack 2 Output Port Cell Phone Charger for iPhone, Samsung Galaxy, Android Phone,Tablet & etc",19.08,https://www.amazon.com//gp/slredirect/picassoRedirect.html/ref=pa_sp_atf_aps_sr_pg1_1?ie=UTF8&adId=A06056773TB5WP93TUY94&url=%2FPortable-Charger-26800mAh-Capacity-External%2Fdp%2FB081SPFH53%2Fref%3Dsr_1_1_sspa%3Fdchild%3D1%26keywords%3DAnker%2Bpower%2Bbank%26qid%3D1619353386%26sr%3D8-1-spons%26psc%3D1&qualifier=1619353386&id=8732847012677326&widgetName=sp_atf,4.6,HHETP
"Portable Charger Power Bank [25800mAh Newest Version] Ultra Compact External Battery Pack with Colorful Indicator, 2 USB Ports Quick Charging Portable Phone Charger for iPhone Samsung Android Tablet",18.95,https://www.amazon.com//gp/slredirect/picassoRedirect.html/ref=pa_sp_atf_aps_sr_pg1_1?ie=UTF8&adId=A104776634YMSN1134S5U&url=%2FPortable-25800mAh-External-Colorful-Indicator%2Fdp%2FB085BGNQXR%2Fref%3Dsr_1_2_sspa%3Fdchild%3D1%26keywords%3DAnker%2Bpower%2Bbank%26qid%3D1619353386%26sr%3D8-2-spons%26psc%3D1&qualifier=1619353386&id=8732847012677326&widgetName=sp_atf,4.3,HHETP
"USB-C Charger for iPhone 12, 2Pack 18W PD 3.0 Fast Charger Type C Wall Charger Block Plug Power Adapter Compatible iPhone 12/11/Pro Max/Mini/8/7/6,Samsung Galaxy S20 FE 5G M51 Note 20 Ultra,Pixel,Moto",11.99,https://www.amazon.com//gp/slredirect/picassoRedirect.html/ref=pa_sp_atf_next_aps_sr_pg9_1?ie=UTF8&adId=A0953089CD8NEXPMG6U7&url=%2FCharger-iPhone-Adapter-Compatible-Samsung%2Fdp%2FB08KT9G6S5%2Fref%3Dsr_1_130_sspa%3Fdchild%3D1%26keywords%3DINIU%2Bpower%2Bbank%26qid%3D1619354019%26sr%3D8-130-spons%26psc%3D1&qualifier=1619354019&id=499152297511673&widgetName=sp_atf_next,4.7,HopePow
"iHome Android USB C Charger & 6 ft. Cable: 28W Power Delivery 2 Port Wall Charger (USB-C, USB-A)- Slim, Compact, Portable Type C Charger, Foldable Plug with 6 Ft Type C to C Nylon Braided Cable",19.99,https://www.amazon.com//gp/slredirect/picassoRedirect.html/ref=pa_sp_atf_next_aps_sr_pg10_1?ie=UTF8&adId=A01332693GZASGSRLTUNV&url=%2FCompact-Ultra-Fast-Charging-Bundle-USB%2Fdp%2FB07T7K7R67%2Fref%3Dsr_1_145_sspa%3Fdchild%3D1%26keywords%3DINIU%2Bpower%2Bbank%26qid%3D1619354032%26sr%3D8-145-spons%26psc%3D1&qualifier=1619354032&id=3043312158942319&widgetName=sp_atf_next,4.7,iHome
"imuto 10000mah 18W PD QC 3.0 Portable Charger Power Bank USB C with LCD Display External Battery Charger Fast Charge Compatible with iPhone 12 Pro Max 11, Samsung S10, Nintendo Switch, iPad Pro, etc",23.99,https://www.amazon.com//gp/slredirect/picassoRedirect.html/ref=pa_sp_btf_aps_sr_pg3_1?ie=UTF8&adId=A0293331MZM8QSINLK58&url=%2Fimuto-Portable-10000mAh-External-Nintendo%2Fdp%2FB07KMRCM6Y%2Fref%3Dsr_1_42_sspa%3Fdchild%3D1%26keywords%3DPOWERADD%2Bpower%2Bbank%26qid%3D1619354189%26sr%3D8-42-spons%26psc%3D1&qualifier=1619354189&id=6770743850316758&widgetName=sp_btf,4.4,Imuto
"INIU Portable Charger, USB C Slimmest & Lightest Triple 3A High-Speed 10000mAh Power Bank, Flashlight Battery Pack Compatible with iPhone 12 11 X 8 Plus Samsung S20 Google LG iPad etc. [2021 Version]",13.71,https://www.amazon.com//INIU-High-Speed-Flashlight-Powerbank-Compatible/dp/B07CZDXDG8/ref=sr_1_3?dchild=1&keywords=INIU+power+bank&qid=1619353749&smid=AO72KWJFJOQR6&sr=8-3,4.7,INIU
"INIU Power Bank, LED Display 10000mAh Portable Charger, Dual 3A High-Speed 2 USB Ports with Flashlight Battery Pack, Compatible with iPhone XS X 8 Samsung Galaxy S10 S9 Note 10 Google Oneplus iPad etc",16.99,https://www.amazon.com//INIU-Portable-External-Powerbank-Compatible/dp/B07H6LB4J4/ref=sr_1_4?dchild=1&keywords=INIU+power+bank&qid=1619353749&sr=8-4,4.6,INIU
"Quick Charge 3.0 39W Dual USB Wall Charger, Inpher Universal Travel Adapter with Replaceable UK/EU/AU Plug, SmartID Technology Compatible Samsung Galaxy, iPhone, iPad, Google Pixel,Tablet and More",17.98,https://www.amazon.com//gp/slredirect/picassoRedirect.html/ref=pa_sp_atf_next_aps_sr_pg11_1?ie=UTF8&adId=A1027348A70C31ONET83&url=%2FInpher-Universal-Replaceable-Technology-Compatible%2Fdp%2FB07R7TX4V6%2Fref%3Dsr_1_162_sspa%3Fdchild%3D1%26keywords%3DPOWERADD%2Bpower%2Bbank%26qid%3D1619354405%26sr%3D8-162-spons%26psc%3D1&qualifier=1619354405&id=3723182008620476&widgetName=sp_atf_next,4.5,Inpher
iWALK Portable Charger 10000mah Power Bank with Built in Cable for iPhone and USB C Cable Compatible with iPhone 12/12 Mini/Pro/Pro Max 11/Xs/XR Samsung s20/Note20 Twice as Fast as iPhone Charger,39.99,https://www.amazon.com//gp/slredirect/picassoRedirect.html/ref=pa_sp_btf_aps_sr_pg2_1?ie=UTF8&adId=A01599793GJ3I3WH4Z1DL&url=%2FiWALK-Portable-10000mAh-External-Compatible%2Fdp%2FB07J4HYXZC%2Fref%3Dsr_1_37_sspa%3Fdchild%3D1%26keywords%3DAnker%2Bpower%2Bbank%26qid%3D1619353573%26sr%3D8-37-spons%26psc%3D1&qualifier=1619353573&id=269765578641099&widgetName=sp_btf,4.5,IWALK
"60W USB C to USB C Cable, JIUWFOX 2 Pack [6ft + 6ft] Type C Charging Cable, Suitable for Samsung Galaxy S21 / S21 + / S20 + Ultra, Note 20/10 Ultra",15.99,https://www.amazon.com//gp/slredirect/picassoRedirect.html/ref=pa_sp_atf_next_aps_sr_pg8_1?ie=UTF8&adId=A04475308PYOHB4WK0ZE&url=%2FJIUWFOX-Charging-Suitable-Samsung-Galaxy%2Fdp%2FB08LMW33ZN%2Fref%3Dsr_1_114_sspa%3Fdchild%3D1%26keywords%3DINIU%2Bpower%2Bbank%26qid%3D1619354005%26sr%3D8-114-spons%26psc%3D1&qualifier=1619354005&id=8654446747239802&widgetName=sp_atf_next,4.6,JIUWFOX
"Apple Charging Cables, Original [Apple MFi Certified] iPhone Charger 3 Pack Lightning to USB Cable Compatible with iPhone 11/Pro/X/Xs Max/XR/8 Plus /7 Plus/6/ iPad Pro/Air/Mini iPod White(1M/3.3FT)",14.99,https://www.amazon.com//gp/slredirect/picassoRedirect.html/ref=pa_sp_atf_next_aps_sr_pg7_1?ie=UTF8&adId=A05915743S4YFNPZYEGJO&url=%2FCharging-Original-Certified-Lightning-Compatible%2Fdp%2FB08TWXNVKW%2Fref%3Dsr_1_97_sspa%3Fdchild%3D1%26keywords%3DINIU%2Bpower%2Bbank%26qid%3D1619353991%26sr%3D8-97-spons%26psc%3D1%26smid%3DA1NUTF959X57AX&qualifier=1619353991&id=2036108430739944&widgetName=sp_atf_next,4.6,Juusmart
"Geyo Magnetic iPhone 12 Wireless Charger,Fast Wireless Charging Pad Built in 5ft Charging Cable/w Type-C&USB-A Port Compatible with iPhone 12/12 mini/12 Pro/12 Pro Max, AirPods Pro",14.99,https://www.amazon.com//gp/slredirect/picassoRedirect.html/ref=pa_sp_atf_next_aps_sr_pg6_1?ie=UTF8&adId=A09556911IZEFPRDTHE2A&url=%2FiPhone-12-Wireless-Charger-Compatible%2Fdp%2FB08VWG4M7N%2Fref%3Dsr_1_82_sspa%3Fdchild%3D1%26keywords%3DINIU%2Bpower%2Bbank%26qid%3D1619353976%26sr%3D8-82-spons%26psc%3D1&qualifier=1619353976&id=6185299139383067&widgetName=sp_atf_next,3.7,Kexle
"KINGSOLAR Portable Solar Charger 21W Solar Panel Charger with 2 USB Ports, Waterproof Camping Foldable Portable Solar Charger for Cell Phone Tablet GPS iPhone iPad Camera Electronic Device and More",39.99,https://www.amazon.com//gp/slredirect/picassoRedirect.html/ref=pa_sp_atf_next_aps_sr_pg2_1?ie=UTF8&adId=A0745388KK2TTF1PUSVW&url=%2FKINGSOLAR-Portable-Waterproof-Foldable-Electronic%2Fdp%2FB07Y8CQWQD%2Fref%3Dsr_1_17_sspa%3Fdchild%3D1%26keywords%3DAnker%2Bpower%2Bbank%26qid%3D1619353573%26sr%3D8-17-spons%26psc%3D1%26smid%3DA1XEEQR0KYXI9U&qualifier=1619353573&id=269765578641099&widgetName=sp_atf_next,4.1,KINGSOLAR
"Krisdonia AC Outlet Portable Charger Battery Pack - 27000mAh 130W/110V Travel Power Bank with Built in AC Outlet and 2 QC3.0 USB Ports and Type-C Port for MacBook, Laptop, Smartphone and More",169.99,https://www.amazon.com//gp/slredirect/picassoRedirect.html/ref=pa_sp_btf_aps_sr_pg2_1?ie=UTF8&adId=A05021901BRQWY1MD9ETL&url=%2FKrisdonia-Outlet-Portable-Charger-Battery%2Fdp%2FB07RB7858J%2Fref%3Dsr_1_22_sspa%3Fdchild%3D1%26keywords%3DINIU%2Bpower%2Bbank%26qid%3D1619353837%26sr%3D8-22-spons%26psc%3D1&qualifier=1619353837&id=5690103378810566&widgetName=sp_btf,4.4,Krisdonia
"MANKIW Magsafe Charger Magnetic Charging Pad Wireless Charger Stand Compatible for iPhone 12,12 Mini, 12 Pro, 12 Pro Max (Black)",15.99,https://www.amazon.com//gp/slredirect/picassoRedirect.html/ref=pa_sp_atf_next_aps_sr_pg11_1?ie=UTF8&adId=A03340841IBPURIBZMYVV&url=%2FMagsafe-Magnetic-Charging-Wireless-Compatible%2Fdp%2FB08NDR7FLF%2Fref%3Dsr_1_162_sspa%3Fdchild%3D1%26keywords%3DINIU%2Bpower%2Bbank%26qid%3D1619354046%26sr%3D8-162-spons%26psc%3D1&qualifier=1619354046&id=6079888606363836&widgetName=sp_atf_next,4.2,MANKIW
Mchoi Hard Portable Case Compatible with INIU 10000mAh Power Bank(Case Only),11.49,https://www.amazon.com//Mchoi-Portable-Compatible-10000mAh-Power/dp/B0836SZVYN/ref=sr_1_19?dchild=1&keywords=INIU+power+bank&qid=1619353749&sr=8-19,4.8,Mchoi
"Nekteck 100W USB C Charger [GaN Tech & USB-IF Certified], PD 3.0 Adapter with Foldable Plug, Support iPhone Fast Charging, Compatible with MacBook Air/Pro 13/16, iPad Air/Pro, Galaxy, iPhone 11/XS/XR",31.99,https://www.amazon.com//gp/slredirect/picassoRedirect.html/ref=pa_sp_atf_next_aps_sr_pg7_1?ie=UTF8&adId=A039031820H67V430VHPA&url=%2FNekteck-Certified-Foldable-Charging-Compatible%2Fdp%2FB089FC1TRF%2Fref%3Dsr_1_98_sspa%3Fdchild%3D1%26keywords%3DPOWERADD%2Bpower%2Bbank%26qid%3D1619354343%26sr%3D8-98-spons%26psc%3D1&qualifier=1619354343&id=7073196797899369&widgetName=sp_atf_next,4.7,Nekteck
"POWERADD Power Strip Surge Protector 6 Outlets & 6 USB Charging Ports, 6ft Heavy Duty Extension Cord, USB Outlet Extender for Home & Office 1625W/13A",22.99,https://www.amazon.com//gp/slredirect/picassoRedirect.html/ref=pa_sp_mtf_aps_sr_pg1_1?ie=UTF8&adId=A00873783KCO4JTF0D8B7&url=%2FPoweradd-Protector-Outlets-Charging-Extension%2Fdp%2FB018S7VEVA%2Fref%3Dsr_1_7_sspa%3Fdchild%3D1%26keywords%3DPOWERADD%2Bpower%2Bbank%26qid%3D1619354061%26sr%3D8-7-spons%26psc%3D1%26smid%3DA2UX2NOV6U33XD&qualifier=1619354061&id=1250397627598782&widgetName=sp_mtf,4.8,POWERADD
"POWERADD [Upgraded] Pilot X7 20000mAh Portable Charger, Dual 3.1A Output External Power Bank with LED Flashlight, Compatible with iPhone, iPad, Samsung Galaxy and More - Black Red",24.99,https://www.amazon.com//gp/slredirect/picassoRedirect.html/ref=pa_sp_atf_aps_sr_pg1_1?ie=UTF8&adId=A08546941XQ55FU1JVP5R&url=%2FPOWERADD-Pilot-X7-Flashlight-Compatible%2Fdp%2FB0157RHV8O%2Fref%3Dsr_1_1_sspa%3Fdchild%3D1%26keywords%3DPOWERADD%2Bpower%2Bbank%26qid%3D1619354061%26sr%3D8-1-spons%26psc%3D1%26smid%3DA2UX2NOV6U33XD&qualifier=1619354061&id=1250397627598782&widgetName=sp_atf,4.6,POWERADD
"POWERADD Pilot 4GS 12000mAh Portable Charger 8 Pin Input Power Bank with 3A High-Speed Output Compatible with iPhone, iPad, iPod, Samsung and More - Silver (8 Pin Cable Include)",21.99,https://www.amazon.com//Poweradd-Pilot-4GS-12000mAh-High-Speed/dp/B01LC1YO8Y/ref=sr_1_3?dchild=1&keywords=POWERADD+power+bank&qid=1619354061&sr=8-3,4.6,POWERADD
"POWERADD EnergyCell AC 5000, Portable Charger 5000mAh with Dual USB Wall Charger, Foldable Plug, Battery Pack for iPhone, iPad, Android, Samsung Galaxy and More（Black）",19.99,https://www.amazon.com//POWERADD-EnergyCell-Portable-Foldable-More%EF%BC%88Black%EF%BC%89/dp/B07S1QPCLH/ref=sr_1_6?dchild=1&keywords=POWERADD+power+bank&qid=1619354061&sr=8-6,4.6,POWERADD
"POWERADD EnergyCell 5000 Portable Charger, The Lightest 5000mAh Slim Power Bank with 2.4A Output, Compatible with iPhone Samsung and More (Black)",11.97,https://www.amazon.com//POWERADD-EnergyCell-Portable-Lightest-Compatible/dp/B07MBF4ZLN/ref=sr_1_5?dchild=1&keywords=POWERADD+power+bank&qid=1619354061&sr=8-5,4.5,POWERADD
"POWERADD 2ND Gen Pilot 2GS 10000mAh Power Bank, Dual USB Port Portable Charger 3.4A High-Speed Charge for iPhone, Samsung Galaxy, Other Smartphone and Tablet - Black (Apple Cable Not Included)",17.99,https://www.amazon.com//POWERADD-Pilot-2GS-High-Speed-Smartphone/dp/B00N2JBTEM/ref=sr_1_8?dchild=1&keywords=POWERADD+power+bank&qid=1619354061&sr=8-8,4.5,POWERADD
"[Upgraded] POWERADD Slim 2 Most Compact 5000mAh External Battery 2.1A Ouput Portable Charger with Smart Charge for iPhones, iPad, Samsung Galaxy, HTC and More (Blue)",10.99,https://www.amazon.com//gp/slredirect/picassoRedirect.html/ref=pa_sp_mtf_aps_sr_pg2_1?ie=UTF8&adId=A0274564362GNTJYI74I&url=%2FUpgraded-POWERADD-Compact-External-Portable%2Fdp%2FB00KG45W08%2Fref%3Dsr_1_21_sspa%3Fdchild%3D1%26keywords%3DINIU%2Bpower%2Bbank%26qid%3D1619353837%26sr%3D8-21-spons%26psc%3D1%26smid%3DA2UX2NOV6U33XD&qualifier=1619353837&id=5690103378810566&widgetName=sp_mtf,4.4,POWERADD
"Portable Bluetooth Shower Speaker with HD Stereo/Rich Bass IPX7 Waterproof, Wireless Small Speaker with LED Light for Outdoor/Travel/Pool Beach/Bike, Support TF Card/TWS/AUX Mode, 12H Playtime, Black",29.99,https://www.amazon.com//gp/slredirect/picassoRedirect.html/ref=pa_sp_atf_next_aps_sr_pg4_1?ie=UTF8&adId=A0242342I5C06U6OXQO1&url=%2FPOWERADD-MusicFly-Portable-Bluetooth-Waterproof%2Fdp%2FB079W5MMLF%2Fref%3Dsr_1_50_sspa%3Fdchild%3D1%26keywords%3DPOWERADD%2Bpower%2Bbank%26qid%3D1619354257%26sr%3D8-50-spons%26psc%3D1&qualifier=1619354257&id=174601358340326&widgetName=sp_atf_next,4.4,POWERADD
"POWERADD USB C Power Strip with Power Delivery 18W, Travel Power Strip Mini & Portable +POWERADD Ultra-Compact Power Bank, EnergyCell 10000 Neo Portable Charger",32.99,https://www.amazon.com//POWERADD-Delivery-Portable-Ultra-Compact-EnergyCell/dp/B08MW59LS6/ref=sr_1_36?dchild=1&keywords=POWERADD+power+bank&qid=1619354189&sr=8-36,4,POWERADD
"POWERADD Pilot Pro4 25600mAh Laptop Portable Charger, AC Output 110V/60W QC 3.0 Port 5V 9V 12V USB-A High Capacity External Battery for MacBook/Dell XPS/Pocket PC/iPod/iPad/Smartphone and More",83.99,https://www.amazon.com//POWERADD-25600mAh-Portable-Capacity-Smartphone/dp/B07MDZVM6M/ref=sr_1_30?dchild=1&keywords=POWERADD+power+bank&qid=1619354129&sr=8-30,2.9,POWERADD
"QI-EU Magnetic Wireless Charger Compatible with iPhone 12/12 Mini/12 Pro/ 12 Pro max and Apple AirPods 2 /pro,Fast Charging Pad Station with 18W Adapter",17.99,https://www.amazon.com//gp/slredirect/picassoRedirect.html/ref=pa_sp_atf_next_aps_sr_pg4_1?ie=UTF8&adId=A07021973354VWB1AUZIP&url=%2FQI-EU-Magnetic-Wireless-Compatible-Charging%2Fdp%2FB08SR3VXCX%2Fref%3Dsr_1_50_sspa%3Fdchild%3D1%26keywords%3DINIU%2Bpower%2Bbank%26qid%3D1619353933%26sr%3D8-50-spons%26psc%3D1&qualifier=1619353933&id=7363301713456580&widgetName=sp_atf_next,4.8,QI-EU
"RapidX X3PD - 3 Port Compact & Fast Car Charger for 3 Devices 35W Total, 18W USB-C",12.99,https://www.amazon.com//gp/slredirect/picassoRedirect.html/ref=pa_sp_btf_aps_sr_pg3_1?ie=UTF8&adId=A00945692AAS2N8M3BRJY&url=%2FRapidX-X3PD-Compact-Charger-Devices%2Fdp%2FB07W5JV3Z6%2Fref%3Dsr_1_43_sspa%3Fdchild%3D1%26keywords%3DAUKEY%2Bpower%2Bbank%26qid%3D1619354664%26sr%3D8-43-spons%26psc%3D1&qualifier=1619354664&id=6720574299267052&widgetName=sp_btf,4.6,RapidX
"RAVPower Portable Charger 20000mAh PD 3.0 Power Bank QC 3.0 18W USB C External Battery Pack Tri-input and Tri-output Cell Phone Charger Battery for iPhone, Samsung Galaxy and More",39.99,https://www.amazon.com//RAVPower-Portable-20000mAh-Tri-input-Tri-output/dp/B07TF73QZS/ref=sr_1_33?dchild=1&keywords=Anker+power+bank&qid=1619353573&sr=8-33,4.8,RAVPower
"RAVPower Portable Charger 15000mAh PD3.0 Power Bank QC 3.0, 18W High-Speed Ultra Compact USB C Battery Pack Tri-Input and Tri-Output Compatible iPhone 8/11/12/XS/XR/XS, iPad, Samsung Galaxy and More",32.99,https://www.amazon.com//Portable-RAVPower-High-Speed-Tri-Output-Compatible/dp/B082X6L813/ref=sr_1_15?dchild=1&keywords=INIU+power+bank&qid=1619353749&sr=8-15,4.7,RAVPower
Portable Charger USB C RAVPower Power Bank with AC Outlet 80W 20000mAh 30W PD External Battery Pack Emergency Backup Power Supply for Laptop MacBook Pro iPad Pro iPhone Galaxy (Charger Not Included),86.99,https://www.amazon.com//Portable-RAVPower-20000mAh-External-Nintendo/dp/B08BYTJJ9B/ref=sr_1_26?dchild=1&keywords=Anker+power+bank&qid=1619353573&sr=8-26,4.6,RAVPower
Power Bank RAVPower 16750mAh Portable Charger Ultra-Compact External Battery Pack with 4.5A Max Output Phone Charger 2 USB Ports & Flashlight for iPhone 12 Mini Pro Max 11 SE Samsung Galaxy S20 White,26.99,https://www.amazon.com//Portable-Chargers-RAVPower-16750mAh-External/dp/B00MQSMDYU/ref=sr_1_36?dchild=1&keywords=POWERADD+power+bank&qid=1619354129&sr=8-36,4.6,RAVPower
Portable Charger Power Bank 20000mAh RAVPower USB External Battery Pack Dual iSmart USB Ports Ultra Compact Phone Charger Compatible with iPhone 12 11 Pro Max Galaxy S10 Note 10 iPad Pro Android,29.99,https://www.amazon.com//Portable-RAVPower-20000mAh-External-Compatible/dp/B07VWG2L4D/ref=sr_1_39?dchild=1&keywords=POWERADD+power+bank&qid=1619354189&sr=8-39,4.6,RAVPower
"Renogy 72000mAh 266Wh 12v Power Bank with 60W PD, CPAP Battery for Camping, High Capacity Large Camping Power Bank with USB-C DC Wireless Charging & Flashlight, CPAP Battery Backup Power Supply",159.99,https://www.amazon.com//Renogy-72000mAh-Portable-Generator-Technology/dp/B0791WDZTW/ref=sr_1_18?dchild=1&keywords=Anker+power+bank&qid=1619353386&sr=8-18,4.3,Renogy
Sabrent Premium 60 Watt (12 Amp) 6-Port Aluminum Family-Sized Desktop USB Rapid Charger. Smart USB Charger with Auto Detect Technology [Silver] (AX-FLCH),29.99,https://www.amazon.com//gp/slredirect/picassoRedirect.html/ref=pa_sp_atf_next_aps_sr_pg12_1?ie=UTF8&adId=A062759933E2SWMCNG1N6&url=%2FSabrent-Aluminum-Family-Sized-Technology-AX-FLCH%2Fdp%2FB013WQGG1A%2Fref%3Dsr_1_177_sspa%3Fdchild%3D1%26keywords%3DPOWERADD%2Bpower%2Bbank%26qid%3D1619354419%26sr%3D8-177-spons%26psc%3D1%26smid%3DA29Y8OP2GPR7PE&qualifier=1619354419&id=2731653563518105&widgetName=sp_atf_next,4.6,SABRENT
"Simpeak 4 Port USB Charger Station, Charger Stand Compatible with Apple Watch Series 6 5 4 3 2 1, [Nightstand Mode], with Phone Charger Holder Stand, White",29.98,https://www.amazon.com//gp/slredirect/picassoRedirect.html/ref=pa_sp_mtf_aps_sr_pg5_1?ie=UTF8&adId=A0194929ZQEHLBLM9B5H&url=%2FSimpeak-Charger-iWatch-Nightstand-Smartphone%2Fdp%2FB0753Z5G8J%2Fref%3Dsr_1_67_sspa%3Fdchild%3D1%26keywords%3DAUKEY%2Bpower%2Bbank%26qid%3D1619354758%26sr%3D8-67-spons%26psc%3D1&qualifier=1619354758&id=8160538926160751&widgetName=sp_mtf,4.6,Simpeak
"skynew Power Bank Hard Travel Case Medium Compatible RAV Power 26800/20100/20000mAh, Anker Power Core 26800mAh/ PowerCore +26800mAh, Dulla M50000 Power Bank 12000mAh (Medium Black)",15.39,https://www.amazon.com//gp/slredirect/picassoRedirect.html/ref=pa_sp_mtf_aps_sr_pg2_1?ie=UTF8&adId=A095385520MC8A2JDKPHU&url=%2FCompatible-PowerCore-20000mAh-Powerbank-RAVPower-16750mAh%2Fdp%2FB07KM943K4%2Fref%3Dsr_1_27_sspa%3Fdchild%3D1%26keywords%3DAnker%2Bpower%2Bbank%26qid%3D1619353573%26sr%3D8-27-spons%26psc%3D1%26smid%3DA2GFGN0HYKJ04J&qualifier=1619353573&id=269765578641099&widgetName=sp_mtf,4.7,Skynew
SmallRig Universal Power Bank Holder 2790,22.9,https://www.amazon.com//gp/slredirect/picassoRedirect.html/ref=pa_sp_btf_aps_sr_pg2_1?ie=UTF8&adId=A023312837OLIIU34BWLU&url=%2FSmallRig-Universal-Power-Bank-Holder%2Fdp%2FB08J6ZW8HN%2Fref%3Dsr_1_23_sspa%3Fdchild%3D1%26keywords%3DINIU%2Bpower%2Bbank%26qid%3D1619353837%26sr%3D8-23-spons%26psc%3D1&qualifier=1619353837&id=5690103378810566&widgetName=sp_btf,4.8,SmallRig
UGREEN Power Bank 20000mAh USB C Portable Charger 18W Power Delivery Charging Quick Charge 3.0 External Battery Pack Compatible for iPhone 12 Pro SE 11 Pro Max XS XR iPad Pro Samsung Galaxy Note20,23.79,https://www.amazon.com//UGREEN-20000mAh-Battery-Compatible-Samsung/dp/B07R9RMZJD/ref=sr_1_21?dchild=1&keywords=AUKEY+power+bank&qid=1619354433&sr=8-21,4.6,UGREEN
USB C to USB A Fast Charging Braided Cable (3.3FT/1M),7.95,https://www.amazon.com//gp/slredirect/picassoRedirect.html/ref=pa_sp_atf_next_aps_sr_pg12_1?ie=UTF8&adId=A05337302X91H9X8HOK27&url=%2FUPTab-Braided-Charging-Samsung-Nintendo%2Fdp%2FB07566SK3Y%2Fref%3Dsr_1_178_sspa%3Fdchild%3D1%26keywords%3DPOWERADD%2Bpower%2Bbank%26qid%3D1619354419%26sr%3D8-178-spons%26psc%3D1&qualifier=1619354419&id=2731653563518105&widgetName=sp_atf_next,5,Uptab
"Volessence 50000mAh Laptop Power Bank 5/8.4/9/12/16/20V Portable Laptop Charger for Laptop, Tablet, Phone and More",125.5,https://www.amazon.com//gp/slredirect/picassoRedirect.html/ref=pa_sp_mtf_aps_sr_pg2_1?ie=UTF8&adId=A01189932N2Y7SEKPICU7&url=%2FVolessence-50000mAh-Laptop-Portable-Charger%2Fdp%2FB07RNZZXRM%2Fref%3Dsr_1_20_sspa%3Fdchild%3D1%26keywords%3DINIU%2Bpower%2Bbank%26qid%3D1619353837%26sr%3D8-20-spons%26psc%3D1&qualifier=1619353837&id=5690103378810566&widgetName=sp_mtf,4.1,Volessence
"Magnetic Car Wireless Charger 15W Fast Charging Dashboard Air Vent Car Mount, Compatible/w iPhone 12/12 Pro/12 Mini/12 Pro Max,with QC3.0 Car Charger",33.99,https://www.amazon.com//gp/slredirect/picassoRedirect.html/ref=pa_sp_atf_next_aps_sr_pg5_1?ie=UTF8&adId=A063105026E16LWKEFHPN&url=%2FMagnetic-Wireless-Charging-Dashboard-Compatible%2Fdp%2FB08W588GFC%2Fref%3Dsr_1_65_sspa%3Fdchild%3D1%26keywords%3DAUKEY%2Bpower%2Bbank%26qid%3D1619354758%26sr%3D8-65-spons%26psc%3D1&qualifier=1619354758&id=8160538926160751&widgetName=sp_atf_next,4.4,Wislter
"Wireless Charger Wireless Charging Stand Cordless Charger Qi-Certified 15W,for iPhone/12/12 Pro/11/SE/X/XR/XS/XS Max/8 Plus, Compatible Apple Watch SE/6/5/4/3/2 (Black)",12.99,https://www.amazon.com//gp/slredirect/picassoRedirect.html/ref=pa_sp_atf_next_aps_sr_pg6_1?ie=UTF8&adId=A059740538EY5EF86XJNY&url=%2FWireless-Charging-Cordless-Qi-Certified-Compatible%2Fdp%2FB08T9R52LD%2Fref%3Dsr_1_81_sspa%3Fdchild%3D1%26keywords%3DINIU%2Bpower%2Bbank%26qid%3D1619353976%26sr%3D8-81-spons%26psc%3D1&qualifier=1619353976&id=6185299139383067&widgetName=sp_atf_next,4.7,Wondery
"Surface Connect to Female USB-C Charging Cable15V/3A 45W PD Charger Compatible with Microsoft Surface Go. Pro 7/6 / 5/4 / 3, Surface BookSurface Laptop Female 45W Type-C Connector Black Cord 0.25Mtr",11.99,https://www.amazon.com//Charging-Compatible-Microsoft-BookSurface-Connector/dp/B08CX9X3ST/ref=sr_1_29?dchild=1&keywords=AUKEY+power+bank&qid=1619354547&sr=8-29,2.6,YAMTO
"Solar Charger, YELOMIN 20000mAh Portable Outdoor Solar Power Bank, Camping External Backup Battery Pack Dual USB 5V 1A/2A Outputs & Flashlights for All Cell Phones, Tablets and Electronic Devices",22.99,https://www.amazon.com//gp/slredirect/picassoRedirect.html/ref=pa_sp_btf_aps_sr_pg6_1?ie=UTF8&adId=A000025524LS2J1BMEZVN&url=%2FYelomin-20000mAh-Portable-Waterproof-Flashlight%2Fdp%2FB07L3P7TRV%2Fref%3Dsr_1_86_sspa%3Fdchild%3D1%26keywords%3DPOWERADD%2Bpower%2Bbank%26qid%3D1619354310%26sr%3D8-86-spons%26psc%3D1&qualifier=1619354310&id=5671543943246949&widgetName=sp_btf,4.2,YELOMIN
